﻿{
    "cookieSession": {
        "secret": "dasd321as56d1sd5s61vdv32",
        "cookie": { "domain": "local.net" }
    },
    "certificate": {
        "key": "certificates/jsreport.net.key",
        "cert": "certificates/jsreport.net.cert"
    },
    "connectionString": { "name": "neDB" },
    "extensions": ["express", "templates", "html", "data", "phantom-pdf", "selfTerminate", "childTemplates", "images"],   
    "blobStorage": "fileSystem",
    "cluster": {
        "numberOfWorkers": 1,
        "enabled":  false
    },
    "phantom": {
        "numberOfWorkers" : 1,
        "timeout": 180000
    },
    "tasks": {
        "numberOfWorkers" : 1,
        "timeout": 10000
    }
}
